price,area,bedrooms,bathrooms,stories,mainroad,guestroom,basement,hotwaterheating,airconditioning,parking,prefarea,furnishingstatus
13300000,7420,4,2,3,yes,no,no,no,yes,2,yes,furnished
12250000,8960,4,4,4,yes,no,no,no,yes,3,no,furnished
12250000,9960,3,2,2,yes,no,yes,no,yes,2,yes,semi-furnished
12215000,7500,4,2,2,yes,no,yes,no,yes,3,yes,furnished
11410000,7420,4,1,2,yes,yes,yes,no,yes,2,no,furnished
10850000,7500,3,3,1,yes,no,yes,no,yes,2,yes,semi-furnished
10150000,8580,4,2,4,yes,no,no,no,yes,2,yes,semi-furnished
10150000,16200,5,3,2,yes,no,no,no,no,0,no,unfurnished
9870000,8100,4,1,2,yes,yes,yes,no,yes,2,yes,furnished
9800000,5750,3,2,4,yes,yes,no,no,yes,1,yes,unfurnished
9800000,13200,3,1,2,yes,no,yes,no,yes,2,yes,furnished
9681000,6000,4,3,2,yes,yes,yes,yes,no,2,no,semi-furnished
9310000,6550,4,2,2,yes,no,no,no,yes,1,yes,semi-furnished
9240000,3500,4,2,2,yes,no,no,yes,no,2,no,furnished
9240000,7800,3,2,2,yes,no,no,no,no,0,yes,semi-furnished
9100000,6000,4,1,2,yes,no,yes,no,no,2,yes,semi-furnished
9100000,6600,4,2,2,yes,yes,yes,no,yes,1,yes,unfurnished
8960000,8500,3,2,4,yes,no,no,no,yes,2,no,furnished
8890000,4600,3,2,2,yes,yes,no,no,yes,2,no,furnished
8855000,6420,3,2,2,yes,no,no,no,yes,1,yes,semi-furnished
8750000,4320,3,1,2,yes,no,yes,yes,no,2,no,semi-furnished
8680000,7155,3,2,1,yes,yes,yes,no,yes,2,no,unfurnished
8645000,8050,3,1,1,yes,yes,yes,no,yes,1,no,furnished
8540000,4560,3,2,2,yes,no,no,no,yes,1,no,furnished
8400000,7440,3,2,2,yes,no,no,no,yes,2,no,semi-furnished
8400000,6540,4,2,2,yes,yes,yes,no,yes,2,yes,furnished
8400000,4800,3,2,2,yes,no,yes,no,yes,0,yes,semi-furnished
8400000,8870,3,1,3,yes,no,no,no,no,1,no,semi-furnished
8400000,7950,5,2,2,yes,no,yes,yes,no,2,no,unfurnished
8400000,6000,4,2,2,yes,no,yes,no,yes,1,yes,semi-furnished
8260000,7475,3,2,4,yes,no,no,no,yes,2,no,unfurnished
8120000,7000,3,1,4,yes,no,no,no,yes,2,no,semi-furnished
8120000,6840,5,1,2,yes,no,yes,no,yes,2,yes,semi-furnished
8120000,7000,3,3,2,yes,no,no,no,yes,2,no,unfurnished
8120000,6840,5,1,2,yes,yes,yes,no,yes,2,no,furnished
8050000,7000,3,2,4,yes,no,no,no,yes,2,no,furnished
8050000,7482,3,2,3,yes,no,no,no,yes,2,yes,furnished
7980000,6000,3,2,4,yes,no,no,no,yes,2,no,semi-furnished
7962500,6000,3,1,4,yes,yes,no,no,yes,2,no,unfurnished
7910000,6000,4,2,4,yes,no,no,no,yes,1,no,semi-furnished
7875000,6600,3,2,2,yes,no,yes,no,yes,1,yes,furnished
7840000,6360,3,2,2,yes,no,no,no,yes,2,yes,unfurnished
7700000,6480,3,2,3,yes,no,no,no,yes,2,no,unfurnished
7700000,4340,3,1,2,yes,no,yes,no,no,1,no,semi-furnished
7560000,6000,4,2,4,yes,no,no,no,yes,1,no,furnished
7560000,6000,3,2,3,yes,no,no,no,yes,0,no,semi-furnished
7490000,6000,3,2,4,yes,no,no,no,yes,1,no,semi-furnished
7490000,6600,3,1,2,yes,no,no,no,yes,3,yes,furnished
7455000,5400,4,2,2,yes,no,yes,no,no,2,no,semi-furnished
7350000,7440,3,2,2,yes,no,yes,no,yes,1,yes,unfurnished
7350000,7150,3,2,1,yes,no,yes,no,yes,1,yes,unfurnished
7210000,6320,3,1,2,yes,no,yes,no,yes,1,no,semi-furnished
7070000,6000,3,2,4,yes,no,no,no,yes,1,no,semi-furnished
7070000,5150,3,2,4,yes,no,no,no,yes,2,no,semi-furnished
7070000,6000,3,2,2,yes,yes,yes,no,yes,1,no,semi-furnished
6930000,4160,3,1,2,yes,no,no,no,yes,1,no,furnished
6930000,11460,3,1,1,yes,no,yes,no,no,1,yes,semi-furnished
6860000,4960,4,1,3,yes,no,no,no,yes,0,no,semi-furnished
6790000,7640,3,1,2,yes,no,no,no,yes,2,yes,unfurnished
6720000,6000,3,1,4,yes,no,no,no,yes,2,no,semi-furnished
6650000,6000,3,1,2,yes,yes,yes,no,no,1,no,semi-furnished
6580000,8800,3,2,2,yes,yes,no,no,yes,1,no,semi-furnished
6510000,6000,3,2,4,yes,no,no,no,yes,1,no,furnished
6440000,6360,3,1,2,yes,no,yes,no,yes,1,yes,furnished
6370000,6860,3,1,2,yes,yes,yes,no,yes,2,yes,furnished
6300000,6600,4,2,2,yes,no,yes,no,yes,1,yes,furnished
6230000,13200,2,1,1,yes,no,yes,no,no,1,no,furnished
6160000,7000,3,1,1,yes,no,no,no,no,2,no,semi-furnished
6090000,6000,3,1,1,yes,no,no,no,no,0,no,furnished
6020000,6000,3,2,2,yes,no,no,no,no,1,no,semi-furnished
5950000,4000,3,1,2,yes,no,yes,no,yes,1,no,semi-furnished
5950000,4750,4,2,2,yes,no,no,no,yes,0,no,unfurnished
5880000,4800,3,1,2,yes,no,no,no,yes,0,yes,unfurnished
5880000,6000,3,1,4,yes,no,no,no,no,0,no,furnished
5810000,6600,3,1,2,yes,no,no,no,no,1,yes,semi-furnished
5740000,4260,4,1,2,yes,no,no,no,yes,1,no,furnished
5670000,6000,3,1,1,yes,no,no,no,no,0,no,furnished
5600000,6450,3,1,2,yes,no,no,no,no,0,no,semi-furnished
5600000,4600,3,2,2,yes,no,no,no,no,0,no,semi-furnished
5530000,6000,3,1,1,yes,no,no,no,no,2,no,unfurnished
5460000,6000,3,1,2,yes,no,no,no,no,1,no,unfurnished
5390000,4000,3,1,2,yes,no,no,no,no,1,no,unfurnished
5250000,3600,3,1,2,yes,no,no,no,no,0,no,semi-furnished
5180000,4800,3,1,1,yes,no,no,no,no,0,no,semi-furnished
5110000,3450,3,1,2,yes,no,no,no,no,0,no,unfurnished
5040000,3850,3,1,2,yes,no,no,no,no,0,no,unfurnished
4970000,3000,3,1,2,yes,no,no,no,no,0,no,unfurnished
4900000,4000,2,1,1,yes,no,no,no,no,0,no,unfurnished
4830000,3500,2,1,1,yes,no,no,no,no,0,no,unfurnished
4760000,3000,2,1,1,yes,no,no,no,no,0,no,unfurnished
4690000,2400,3,1,1,yes,no,no,no,no,0,no,unfurnished
4550000,3500,2,1,1,no,no,no,no,no,0,no,unfurnished
4410000,2400,2,1,1,yes,no,no,no,no,0,no,unfurnished
4200000,2100,2,1,1,yes,no,no,no,no,0,no,unfurnished
3920000,3240,2,1,1,yes,no,no,no,no,1,no,unfurnished
3500000,3600,2,1,1,yes,no,no,no,no,0,no,unfurnished
3150000,3000,2,1,1,yes,no,no,no,no,0,no,unfurnished
2800000,2400,2,1,1,yes,no,no,no,no,0,no,unfurnished
2450000,2100,2,1,1,no,no,no,no,no,0,no,unfurnished
1750000,1650,2,1,1,no,no,no,no,no,0,no,unfurnished
